[
    {
        "id":1,
        "name":"product 1",
        "category":"cat 1",
        "sub-category":"sub cat-1",
        "sub-sub-category":"sub sub cat-1",
        "price":300,
        "uploader":"miras",
        "description":"this is a test product",
        "review":[],
        "image":"./assets/CardImage",
        "learning-subject":[],
        "total-view":10

    },
    {
        "id":2,
        "name":"product 2",
        "category":"cat 2",
        "sub-category":"sub cat-2",
        "sub-sub-category":"sub sub cat-2",
        "price":700,
        "uploader":"asad",
        "description":"this is a test product",
        "review":[],
        "image":"./assets/CardImage",
        "learning-subject":[],
        "total-view":10

    },
    {
        "id":2,
        "name":"product 3",
        "category":"cat 2",
        "sub-category":"sub cat-2",
        "sub-sub-category":"sub sub cat-2",
        "price":700,
        "uploader":"asad",
        "description":"this is a test product",
        "review":[],
        "image":"./assets/CardImage",
        "learning-subject":[],
        "total-view":10

    },
    {
        "id":2,
        "name":"product 4",
        "category":"cat 1",
        "sub-category":"sub cat-1",
        "sub-sub-category":"sub sub cat-4",
        "price":700,
        "uploader":"asad",
        "description":"this is a test product",
        "review":[],
        "image":"./assets/CardImage",
        "learning-subject":[],
        "total-view":10

    }
]
